,ID,Área,Necessidade atual,Palavras-chave / sinais,Pergunta de desambiguação,Perguntas complementares,Dados necessários,Regra condicional,Ação do SmartDesk,Encaminhamento,Observações
0,AV-001,Audiovisual,Caixa de Som,"caixa de som, som, áudio, alto-falante, preciso de som",Você precisa somente de caixa de som ou também de microfone/projetor?,Qual a data? Qual o horário? Qual o local? É para um evento?,"Data, horário, local, setor, descrição","Se for evento, solicitar link do roteiro","Identificar a solicitação, coletar data/local e verificar se é evento",Audiovisual,Solicitação de equipamento
1,AV-002,Audiovisual,Caixa de Som / Microfone,"caixa de som, microfone, mic, áudio, apresentação, palestra","Além da caixa de som e do microfone, você também precisa de projetor?",Qual a data? Qual o horário? Qual o local? É para um evento?,"Data, horário, local, setor, descrição","Se for evento, solicitar link do roteiro",Classificar como Caixa de Som / Microfone e coletar informações do evento,Audiovisual,Solicitação de equipamento
2,AV-003,Audiovisual,Caixa de Som / Microfone / Projetor,"caixa de som, microfone, projetor, telão, áudio, apresentação","Você precisa dos três equipamentos: caixa de som, microfone e projetor?",Qual a data? Qual o horário? Qual o local? É para um evento?,"Data, horário, local, setor, descrição","Se evento = Sim, solicitar link do roteiro",Preparar solicitação completa de audiovisual,Audiovisual,Solicitação de equipamento
3,AV-004,Audiovisual,Caixa de Som / Projetor,"caixa de som, projetor, apresentação, telão, vídeo, áudio",Você também precisará de microfone?,Qual a data? Qual o horário? Qual o local? É para um evento?,"Data, horário, local, setor, descrição","Se evento = Sim, solicitar link do roteiro",Preparar solicitação de caixa de som e projetor,Audiovisual,Solicitação de equipamento
4,AV-005,Audiovisual,Microfone,"microfone, mic, falar, palestra, apresentação",Você precisa apenas do microfone ou também de caixa de som?,Qual a data? Qual o horário? Qual o local? É para um evento?,"Data, horário, local, setor, descrição","Se evento = Sim, solicitar link do roteiro",Preparar solicitação de microfone,Audiovisual,Solicitação de equipamento
5,AV-006,Audiovisual,Projetor,"projetor, projeção, telão, apresentação, imagem",Você precisa utilizar/reservar um projetor ou está enfrentando um problema com um projetor existente?,Qual a data? Qual o horário? Qual o local? É para um evento?,"Data, horário, local, setor, descrição","Se for problema técnico, diferenciar Projetor de cabo HDMI",Identificar se é solicitação de equipamento ou suporte técnico,Audiovisual,Pode exigir desambiguação
6,AV-007,Audiovisual,Troca de cabo HDMI,"hdmi, cabo hdmi, cabo do projetor, sem imagem, cabo quebrado, mau contato",O problema está no cabo HDMI ou você não consegue confirmar se é o cabo ou o projetor?,Em qual local está o equipamento? Há dano aparente? Já foi testado novamente?,"Local, descrição do problema, setor","Se houver dúvida entre HDMI e Projetor, solicitar confirmação",Classificar como cabo HDMI ou encaminhar para análise audiovisual,Audiovisual,Suporte técnico audiovisual
7,IMP-001,Impressora,Configurar Scanner,"configurar scanner, configuração scanner, digitalizar, escanear",Você precisa configurar o scanner pela primeira vez ou ele já funcionava anteriormente?,Qual é o modelo da impressora? Em qual computador será configurado?,"Modelo, local, computador, setor, descrição","Se nunca foi configurado, tratar como configuração",Coletar equipamento e ambiente para configuração do scanner,Impressora,Configuração
8,IMP-002,Impressora,Grampo da Impressora,"grampo, grampeador, grampear, acabou grampo",A solicitação é reposição de grampos ou existe falha no grampeador?,Qual é o modelo da impressora? Qual o local?,"Modelo, local, setor, descrição",Diferenciar suprimento de defeito,Preparar solicitação relacionada ao grampeador,Impressora,Suprimento ou suporte
9,IMP-003,Impressora,Instalar Impressora,"instalar impressora, adicionar impressora, configurar impressora, nova impressora",A impressora já está instalada em outros computadores?,Qual o computador? Qual impressora? Qual o local?,"Modelo, computador, local, setor","Se for instalação em novo computador, manter esta classificação",Coletar dados necessários para instalação,Impressora,Instalação
10,IMP-004,Impressora,Lâmpada da Estufa,"lâmpada da estufa, estufa, fusor, lâmpada impressora",Existe alguma mensagem de erro ou falha de aquecimento?,Qual o modelo da impressora? Ela ainda consegue imprimir?,"Modelo, local, erro apresentado, setor",Encaminhar para suporte técnico,Coletar sintomas e encaminhar,Impressora,Manutenção
11,IMP-005,Impressora,Manchando folhas,"manchando, manchas, folha suja, impressão suja, riscos na folha",As manchas aparecem em todas as impressões?,Qual o modelo? Qual cor aparece na mancha? Desde quando ocorre?,"Modelo, local, descrição, anexo recomendado",Recomendar foto ou digitalização da folha,Coletar evidência visual e encaminhar,Impressora,Anexo recomendado
12,IMP-006,Impressora,Não imprime,"não imprime, não está imprimindo, impressão parada, fila de impressão, documento não sai",A impressora está ligada e aparece alguma mensagem de erro?,Outros usuários conseguem imprimir? O documento aparece na fila?,"Modelo, local, computador, mensagem de erro, setor",Tentar verificações simples antes do encaminhamento,Orientar verificações básicas e preparar chamado caso persista,Impressora,Bom cenário para autoatendimento
13,IMP-007,Impressora,Não liga,"não liga, desligada, sem energia, impressora apagada",A impressora está conectada à energia e o botão de ligar não apresenta resposta?,Houve queda de energia? Outros equipamentos da tomada funcionam?,"Modelo, local, setor, descrição",Não orientar abertura do equipamento,Realizar apenas verificações externas e encaminhar,Impressora,Evitar procedimentos físicos internos
14,IMP-008,Impressora,Papel Atolado,"papel atolado, folha presa, papel preso, atolamento",Existe papel visível preso na impressora?,O visor indica onde ocorreu o atolamento? O problema se repete?,"Modelo, local, mensagem do visor, setor",Orientar somente remoção segura de papel facilmente acessível,Oferecer orientação simples e encaminhar se persistir,Impressora,Bom cenário para autoatendimento
15,IMP-009,Impressora,Scanner não funciona,"scanner não funciona, não escaneia, não digitaliza, erro scanner",O scanner já funcionava neste computador anteriormente?,A impressão funciona normalmente? Existe mensagem de erro?,"Modelo, computador, local, erro, setor",Diferenciar configuração de falha,Identificar se é configuração ou defeito,Impressora,Desambiguar com Configurar Scanner
16,IMP-010,Impressora,Solicitação de Toner / Tinta,"toner, tinta, cartucho, acabou toner, acabou tinta, reposição",Qual cor precisa ser substituída?,Qual é o modelo da impressora?,"Cor, modelo, local, setor","Exibir cores Preto, Amarelo, Ciano e Magenta",Preparar solicitação de suprimento,Impressora,Campo condicional existente no formulário atual
17,GOO-001,Google,Agendas,"agenda, google agenda, calendário, calendar, convite","O problema é acesso, compartilhamento, criação ou utilização da agenda?",Qual agenda está envolvida? Existe mensagem de erro?,"Conta, descrição, setor",Solicitar detalhes suficientes antes do encaminhamento,Classificar solicitação relacionada ao Google Agenda,Google,
18,GOO-002,Google,Apresentações,"google apresentações, slides, apresentação google","O problema ocorre ao criar, editar, abrir ou compartilhar uma apresentação?",Qual arquivo está envolvido?,"Conta, link ou nome do arquivo, descrição",Solicitar link quando pertinente,Classificar solicitação de Apresentações,Google,
19,GOO-003,Google,Classroom,"classroom, google classroom, turma, sala virtual","A dificuldade é acessar uma turma, criar conteúdo ou visualizar atividades?",Qual turma está envolvida? Qual conta está sendo utilizada?,"Conta, turma, descrição",,Classificar solicitação de Classroom,Google,
20,GOO-004,Google,Documentos,"google documentos, docs, documento google","O problema é criação, edição, acesso ou compartilhamento?",Qual documento está envolvido?,"Conta, arquivo, descrição",Solicitar link quando pertinente,Classificar solicitação de Documentos,Google,
21,GOO-005,Google,Drive,"drive, google drive, arquivo, pasta, compartilhamento","O problema envolve acesso, arquivo, pasta ou compartilhamento?",Qual arquivo ou pasta está envolvido?,"Conta, link ou nome do recurso, descrição",Solicitar link quando pertinente,Classificar solicitação de Drive,Google,
22,GOO-006,Google,Dúvidas,"dúvida google, como fazer google, ajuda google",Sobre qual serviço Google é a sua dúvida?,Descreva o que você está tentando fazer.,"Conta, descrição, setor",,Coletar dúvida e encaminhar,Google,Categoria genérica
23,GOO-007,Google,Gmail,"gmail, e-mail google, email google, mensagem, caixa de entrada","O problema é enviar, receber, acessar ou organizar e-mails?",Aparece alguma mensagem de erro?,"Conta, descrição, erro apresentado","Se mencionar senha, verificar possibilidade de Resetar senha",Classificar solicitação de Gmail,Google,Pode exigir desambiguação com senha
24,GOO-008,Google,Grupos,"google grupos, grupo de email, lista de distribuição, grupo","Você precisa criar, alterar ou acessar um grupo?",Qual é o nome ou endereço do grupo?,"Conta, grupo, descrição",,Classificar solicitação de Grupos,Google,
25,GOO-009,Google,Planilhas,"google planilhas, sheets, planilha google","O problema é acesso, edição, fórmula ou compartilhamento?",Qual planilha está envolvida?,"Conta, link ou nome da planilha, descrição",Solicitar link quando pertinente,Classificar solicitação de Planilhas,Google,
26,GOO-010,Google,Reserva de Chromebook,"reservar chromebook, reserva chromebook, chromebook, empréstimo chromebook",Para qual data você precisa do Chromebook?,Existe horário ou período específico?,"Data, horário/período, setor, descrição","Ao selecionar Reserva de Chromebook, solicitar Data",Preparar solicitação de reserva,Google,Regra existente no formulário atual
27,GOO-011,Google,Resetar senha,"resetar senha, esqueci senha, senha google, senha gmail, não consigo entrar, login",Qual é o e-mail da conta que precisa ter a senha redefinida?,A senha foi esquecida ou está sendo recusada?,"E-mail da conta, nome, setor","Ao selecionar Resetar senha, solicitar E-mail",Preparar solicitação de redefinição de senha,Google,Regra existente no formulário atual
28,GOO-012,Google,Sites,"google sites, site google, página google sites","O problema é acesso, edição, publicação ou criação do site?",Qual site está envolvido?,"Conta, link ou nome do site, descrição",,Classificar solicitação de Google Sites,Google,
29,TI-001,TI,Dúvidas,"dúvida, dúvida de ti, ajuda, orientação, como fazer","Sobre qual equipamento, sistema ou serviço é a sua dúvida?",Descreva o que você está tentando fazer.,"Setor, descrição",,Coletar contexto antes de encaminhar,Tecnologia,Categoria genérica
30,TI-002,TI,Sugestão de melhoria,"sugestão, melhoria, ideia, melhorar sistema, melhoria de processo",A melhoria é relacionada a qual sistema ou processo?,Qual problema atual essa melhoria resolveria?,"Setor, sistema/processo, descrição",,Estruturar a sugestão antes do encaminhamento,Tecnologia,
31,TI-003,TI,Outros,"outros, outro problema, não encontrei categoria",Você consegue explicar com mais detalhes o que precisa?,Existe algum equipamento ou sistema envolvido?,"Setor, descrição",Usar somente quando não houver classificação melhor,Coletar contexto adicional,Tecnologia,Fallback
32,TI-COMP-001,TI,COMPUTADOR > Headset / Fone de Ouvido,"headset, fone, fone de ouvido, áudio no fone, microfone headset","O problema está no áudio, microfone ou no próprio equipamento?",O headset funciona em outro computador?,"Computador, local, setor, descrição",,Coletar informações do periférico,Tecnologia,
33,TI-COMP-002,TI,COMPUTADOR > Leitor de CD/DVD,"cd, dvd, leitor cd, leitor dvd, drive óptico",O computador não reconhece o disco ou o leitor não abre?,Já foi testado outro CD/DVD?,"Computador, local, setor, descrição",,Coletar sintomas do leitor,Tecnologia,
34,TI-COMP-003,TI,COMPUTADOR > Não liga,"computador não liga, pc não liga, notebook não liga, sem energia","Ao pressionar o botão, aparece alguma luz, som ou imagem?",O equipamento está conectado à energia?,"Equipamento, local, setor, descrição",Limitar orientação a verificações externas seguras,Coletar sintomas e encaminhar,Tecnologia,
35,TI-COMP-004,TI,COMPUTADOR > Problemas com lentidão,"computador lento, pc lento, travando, lentidão, demora, congelando",A lentidão acontece o tempo todo ou apenas em algum programa?,Quando começou? Qual programa costuma estar aberto?,"Computador, local, setor, descrição",Pode oferecer verificações simples,Realizar triagem inicial de lentidão,Tecnologia,Bom cenário de validação
36,TI-COMP-005,TI,COMPUTADOR > Programas (software),"programa, software, aplicativo, instalar programa, erro programa",Você precisa instalar um programa ou está enfrentando erro em um programa existente?,Qual é o nome do programa?,"Programa, computador, setor, descrição",Diferenciar instalação de erro,Coletar informações do software,Tecnologia,
37,TI-COMP-006,TI,COMPUTADOR > Reserva de Notebook,"reservar notebook, reserva notebook, empréstimo notebook",Para qual data e período você precisa do notebook?,Qual a finalidade da reserva?,"Data, período, setor, descrição",,Preparar solicitação de reserva,Tecnologia,
38,TI-COMP-007,TI,COMPUTADOR > Troca de Mouse,"mouse, trocar mouse, mouse quebrado, mouse não funciona",O mouse parou completamente ou apresenta falhas intermitentes?,Já foi reconectado ou testado novamente?,"Computador, local, setor, descrição",,Coletar informações do periférico,Tecnologia,
39,TI-COMP-008,TI,COMPUTADOR > Troca de Teclado,"teclado, trocar teclado, teclado quebrado, tecla não funciona",O teclado parou completamente ou apenas algumas teclas apresentam problema?,Já foi reconectado ou testado novamente?,"Computador, local, setor, descrição",,Coletar informações do periférico,Tecnologia,
40,TI-NET-001,TI,INTERNET > Computador não está conectado à rede,"sem internet, sem rede, cabo de rede, computador desconectado, rede cabeada",A conexão é por cabo ou Wi-Fi?,Outros computadores próximos estão conectados normalmente?,"Computador, local, tipo de conexão, setor","Se for Wi-Fi, avaliar categoria Problemas com Wi-Fi",Realizar triagem de conectividade,Tecnologia,
41,TI-NET-002,TI,INTERNET > Criar Login de acesso Internet,"criar login internet, acesso internet, usuário internet, login wifi",Para quem o acesso deve ser criado?,Qual a finalidade e período de utilização?,"Nome, setor, finalidade, período",,Preparar solicitação de criação de acesso,Tecnologia,
42,TI-NET-003,TI,INTERNET > Problemas com Wi-Fi,"wifi, wi-fi, wireless, sem wifi, wifi cai, internet sem fio",O dispositivo encontra a rede Wi-Fi?,Outros dispositivos no mesmo local estão funcionando?,"Dispositivo, local, rede, setor",,Realizar triagem inicial do Wi-Fi,Tecnologia,Bom cenário de validação
43,TI-INT-001,TI,INTRANET > Atualização,"atualizar intranet, alteração intranet, conteúdo intranet",Qual conteúdo da intranet precisa ser atualizado?,"Existe texto, imagem, link ou data para substituição?","Página/seção, conteúdo novo, setor",,Estruturar solicitação de atualização,Tecnologia,
44,TI-INT-002,TI,INTRANET > Solicitação,"solicitação intranet, criar na intranet, novo conteúdo intranet",O que você gostaria que fosse criado ou incluído na intranet?,Em qual seção deverá aparecer?,"Seção, descrição, arquivos/links, setor",,Estruturar nova solicitação de intranet,Tecnologia,
45,TI-INT-003,TI,INTRANET > Sugestão,"sugestão intranet, melhoria intranet, ideia intranet",Qual melhoria você sugere para a intranet?,Que problema essa melhoria resolveria?,"Descrição, setor",,Estruturar sugestão de melhoria,Tecnologia,
46,TI-MENT-001,TI,MENTOR WEB > Criação de Login,"mentor login, criar login mentor, usuário mentor",Para qual usuário o acesso ao Mentor deverá ser criado?,Qual é o perfil ou função do usuário?,"Nome, setor, perfil",,Preparar solicitação de criação de login,Tecnologia,
47,TI-MENT-002,TI,MENTOR WEB > Erro no relatório,"mentor relatório erro, relatório mentor não funciona, erro relatório",Qual relatório apresenta erro?,Existe mensagem de erro? O problema ocorre sempre?,"Relatório, mensagem de erro, setor, anexo recomendado",,Coletar detalhes do erro no relatório,Tecnologia,
48,TI-MENT-003,TI,MENTOR WEB > Alteração de notas,"alteração de notas, mudar nota mentor, corrigir nota",Qual aluno/turma/disciplina está envolvido?,Qual alteração precisa ser realizada?,"Aluno/turma, disciplina, descrição, solicitante",,Estruturar solicitação de alteração,Tecnologia,
49,TI-MENT-004,TI,MENTOR WEB > Encerramento de diário,"encerramento diário, fechar diário, diário mentor",Qual turma e disciplina estão envolvidas?,Qual período deve ser encerrado?,"Turma, disciplina, período, setor",,Preparar solicitação de encerramento,Tecnologia,
50,TI-MENT-005,TI,MENTOR WEB > Erro no sistema,"mentor erro, mentor web erro, sistema mentor, mentor não funciona",Qual ação você estava realizando quando o erro ocorreu?,Qual mensagem aparece? O erro pode ser reproduzido?,"Usuário, descrição, mensagem de erro, anexo recomendado",,Coletar contexto do erro,Tecnologia,
51,TI-MENT-006,TI,MENTOR WEB > Remanejamento de aluno,"remanejamento aluno, mover aluno turma, trocar turma mentor",Qual aluno precisa ser remanejado?,Qual é a turma atual e a turma de destino?,"Aluno, turma atual, turma destino, setor",,Estruturar solicitação de remanejamento,Tecnologia,
52,TI-MENT-007,TI,MENTOR WEB > Solicitação de Relatório,"solicitação relatório mentor, criar relatório mentor, relatório",Qual relatório é necessário?,Qual informação deve constar no relatório?,"Descrição do relatório, setor",,Estruturar solicitação de relatório,Tecnologia,
53,TI-MENT-008,TI,MENTOR WEB > Solicitação de acesso a relatório,"acesso relatório mentor, liberar relatório, permissão relatório",Qual relatório precisa ser liberado?,Para qual usuário o acesso deve ser concedido?,"Relatório, usuário, setor",,Preparar solicitação de acesso,Tecnologia,
54,TI-QB-001,TI,QUICKBOOKS > Erro no sistema,"quickbooks, quick books, erro quickbooks, erro no financeiro",Qual mensagem de erro aparece no QuickBooks?,O sistema chega a abrir? Quando o problema começou?,"Setor, usuário, mensagem de erro, anexo recomendado",Disponibilizar este fluxo quando Setor = Financeiro,Coletar detalhes do erro no QuickBooks,Tecnologia,Regra especial do Financeiro
55,TI-QB-002,TI,QUICKBOOKS > Instalação,"instalar quickbooks, instalação quickbooks, quickbooks novo computador",Em qual computador o QuickBooks precisa ser instalado?,O usuário já possui acesso ao sistema?,"Setor, usuário, computador",Disponibilizar este fluxo quando Setor = Financeiro,Preparar solicitação de instalação do QuickBooks,Tecnologia,Regra especial do Financeiro
56,TI-CAM-001,TI,CÂMERAS > Acesso às Câmeras,"câmera, cameras, acesso câmera, gravação câmera, infantil",A solicitação é para acesso às câmeras do Infantil?,Qual é o nome e turma do aluno?,"Nome e turma do aluno, nome do responsável, e-mail do responsável, contato do responsável",Disponibilizar quando Setor = Coordenação EI (Infantil),Coletar dados obrigatórios do fluxo de acesso às câmeras,Tecnologia,Regra especial da Coordenação EI
,ID,Gatilho,Condição,Ação,Campos adicionais,Origem / observação
0,RC-001,Evento,Evento = Sim,Solicitar informações adicionais do evento,"Data, horário, local e link do roteiro",Regra existente nos formulários de Audiovisual/TI
1,RC-002,Setor Financeiro,Setor = Financeiro e relato relacionado a QuickBooks,Abrir fluxo específico de QuickBooks,Erro no sistema ou Instalação,Regra existente no formulário de TI
2,RC-003,Coordenação EI,Setor = Coordenação EI (Infantil) e solicitação relacionada às câmeras,Abrir fluxo Acesso às Câmeras,"Aluno/turma, responsável, e-mail e contato",Regra existente no formulário de TI
3,RC-004,Reserva de Chromebook,Necessidade = Reserva de Chromebook,Solicitar data da reserva,Data,Regra existente no formulário Google
4,RC-005,Resetar senha,Necessidade = Resetar senha,Solicitar conta afetada,E-mail,Regra existente no formulário Google
5,RC-006,Toner / Tinta,Necessidade = Solicitação de Toner / Tinta,Solicitar dados do suprimento,Cor e modelo da impressora,Regra existente no formulário Impressora
6,RC-007,Classificação incerta,SmartDesk detectar duas ou mais classificações plausíveis,Não decidir silenciosamente; perguntar ao usuário,Pergunta de desambiguação,Regra proposta pelo SmartDesk
7,RC-008,Baixa confiança,Descrição sem informações suficientes,Solicitar mais contexto antes de classificar,"Equipamento/sistema, sintoma e local",Regra proposta pelo SmartDesk
8,RC-009,Problema resolvido,Usuário informar que a orientação resolveu,Encerrar fluxo sem gerar chamado,Registrar resultado da tentativa,Regra proposta pelo SmartDesk
9,RC-010,Problema persiste,Usuário informar que a orientação não resolveu,Gerar resumo estruturado para o suporte,"Categoria, necessidade, relato e testes realizados",Regra proposta pelo SmartDesk
,ID,Setor,Possui regra especial?,Regra especial
0,2026-09-01 00:00:00,Cobrança,Não,
1,2026-09-02 00:00:00,Compras,Não,
2,2026-09-03 00:00:00,Coordenação,Não,
3,2026-09-04 00:00:00,Coordenação EI (Infantil),Sim,Exibir fluxo opcional de Acesso às Câmeras
4,2026-09-05 00:00:00,Orientação EI (Infantil),Não,
5,2026-09-06 00:00:00,Coordenação EFAI (Fundamental I),Não,
6,2026-09-07 00:00:00,Orientação EFAI (Fundamental I),Não,
7,2026-09-08 00:00:00,Coordenação EFAF (Fundamental II),Não,
8,2026-09-09 00:00:00,Orientação EFAF (Fundamental II),Não,
9,2026-09-10 00:00:00,Coordenação EM (Médio),Não,
10,2026-09-11 00:00:00,Orientação EM (Médio),Não,
11,2026-09-12 00:00:00,Direção,Não,
12,2026-09-13 00:00:00,Enfermaria,Não,
13,2026-09-14 00:00:00,Esporte,Não,
14,2026-09-15 00:00:00,Financeiro,Sim,Exibir fluxo opcional de QuickBooks
15,2026-09-16 00:00:00,Inspetoria,Não,
16,2026-09-17 00:00:00,Limpeza,Não,
17,2026-09-18 00:00:00,Marketing,Não,
18,2026-09-19 00:00:00,Portaria,Não,
19,2026-09-20 00:00:00,Recursos Humanos,Não,
20,2026-09-21 00:00:00,Sala Maker,Não,
21,2026-09-22 00:00:00,Secretaria,Não,
22,2026-09-23 00:00:00,Setor de Provas,Não,
23,2026-09-24 00:00:00,TE,Não,
24,2026-09-25 00:00:00,TI,Não,
,Cenário,Texto apresentado ao participante,Classificação esperada,O que queremos validar,Status
0,CT-01,O projetor da sala não mostra a imagem do meu notebook.,Audiovisual > Projetor / possível HDMI,Se o SmartDesk percebe a ambiguidade e faz uma pergunta antes de classificar,Não testado
1,CT-02,Preciso de caixa de som e microfone para uma palestra na sexta-feira.,Audiovisual > Caixa de Som / Microfone,Classificação e coleta de data/local/evento,Não testado
2,CT-03,Acabou o toner magenta da impressora do setor.,Impressora > Solicitação de Toner / Tinta,Se cor já informada pode ser reaproveitada e se o modelo é solicitado,Não testado
3,CT-04,A impressora está prendendo as folhas.,Impressora > Papel Atolado,Classificação e utilidade das orientações iniciais,Não testado
4,CT-05,Esqueci a senha do meu e-mail institucional.,Google > Resetar senha,Classificação e solicitação do e-mail da conta,Não testado
5,CT-06,Preciso reservar um Chromebook para amanhã.,Google > Reserva de Chromebook,Classificação e coleta da data,Não testado
6,CT-07,Meu computador está muito lento e trava quando abro os programas.,TI > COMPUTADOR > Problemas com lentidão,Classificação e qualidade da triagem,Não testado
7,CT-08,Meu notebook conecta no Wi-Fi mas a internet fica caindo.,TI > INTERNET > Problemas com Wi-Fi,Classificação e perguntas de diagnóstico,Não testado
8,CT-09,Preciso alterar uma nota no Mentor Web.,TI > MENTOR WEB > Alteração de notas,Classificação em três níveis,Não testado
9,CT-10,Sou do Financeiro e o QuickBooks está apresentando erro.,TI > QUICKBOOKS > Erro no sistema,Uso do setor como contexto de classificação,Não testado
10,CT-11,Sou da Coordenação do Infantil e preciso acessar as câmeras.,TI > CÂMERAS > Acesso às Câmeras,Uso do setor para abrir fluxo específico,Não testado
,Participante,Perfil,Cenário,Texto digitado pelo usuário,Classificação esperada,Classificação sugerida,Usuário precisou corrigir?,Facilidade (1-5),Clareza (1-5),Usaria novamente?,Comentário / feedback,Observações do teste
,Ordem,Tela,Objetivo,Campos / Conteúdo,Ações do usuário,Regra principal,Próxima etapa
0,1,Entrada,Receber identificação e relato do usuário em linguagem natural,"Nome, e-mail institucional, unidade organizacional, setor, descrição do problema e anexo opcional","Preencher os dados e clicar em ""Analisar solicitação""","O usuário não precisa escolher previamente Audiovisual, Impressora, Google ou TI",Análise
1,2,Análise,Interpretar o relato e encontrar a classificação mais provável,"Indicador de processamento: identificando assunto, consultando categorias e preparando perguntas",Aguardar a análise,"Utilizar palavras-chave, contexto, setor e regras da Matriz Mestre",Classificação sugerida
2,3,Classificação sugerida,Apresentar ao usuário a área e necessidade identificadas,"Área sugerida, necessidade sugerida e confirmação da classificação","Confirmar a classificação ou escolher ""Quero corrigir""","Quando houver ambiguidade, o SmartDesk deve perguntar em vez de decidir silenciosamente",Perguntas complementares
3,4,Perguntas complementares,Coletar apenas as informações necessárias para o tipo de solicitação identificado,Perguntas provenientes da Matriz Mestre e regras condicionais,Responder às perguntas apresentadas,"As perguntas mudam conforme categoria, necessidade, setor e contexto",Orientação / Triagem
4,5,Orientação / Triagem,Oferecer verificações simples e seguras quando houver possibilidade de autoatendimento,"Orientações, procedimentos realizados e pergunta ""O problema foi resolvido?""",Executar as verificações e informar se o problema foi resolvido,Não apresentar procedimentos técnicos que ofereçam risco ou exijam intervenção especializada,Resolvido ou Resumo do chamado
5,6A,Resolvido,Finalizar uma solicitação que foi solucionada durante a triagem,"Área, necessidade, orientações realizadas e resultado",Confirmar resolução e seguir para avaliação,Não gerar chamado quando o próprio usuário confirmar que o problema foi resolvido,Avaliação
6,6B,Resumo do chamado,Organizar as informações coletadas para facilitar o atendimento da equipe de suporte,"Solicitante, setor, área, necessidade, relato original, respostas, procedimentos realizados e resultado",Revisar o resumo e confirmar o encaminhamento,"Quando o problema persistir, gerar um resumo estruturado para o suporte",Avaliação
7,7,Avaliação,Coletar evidências sobre a experiência e o valor percebido pelo usuário,"Facilidade, clareza, acerto da classificação, utilidade, intenção de uso e comentário aberto",Responder à avaliação e finalizar,Os resultados serão utilizados como evidência da validação do MVP,Fim

